id,first_name,last_name,email,gender,ip_address
1,Coreen,Halliday,challiday0@bbc.co.uk,Female,216.192.179.101
2,Giusto,Itscovitz,gitscovitz1@booking.com,Male,182.145.222.246
3,Rafael,De Bruin,rdebruin2@github.io,Male,207.199.146.237
4,Pat,Epsley,pepsley3@yahoo.co.jp,Female,130.237.49.136
5,Frazier,Paddemore,fpaddemore4@theatlantic.com,Male,47.31.148.218
6,Tarrance,Gridley,tgridley5@tinypic.com,Male,194.158.52.1
7,Lorelle,de Cullip,ldecullip6@feedburner.com,Female,115.216.128.83
8,Malorie,Duffil,mduffil7@independent.co.uk,Female,208.0.104.214
9,Ursula,De Malchar,udemalchar8@npr.org,Female,220.124.18.53
10,Vernon,Llorente,vllorente9@clickbank.net,Male,21.49.95.65
11,Rawley,Coyett,rcoyetta@pcworld.com,Male,232.7.79.117
12,Sosanna,Acedo,sacedob@ft.com,Female,183.175.136.159
13,Daffy,Perkins,dperkinsc@nhs.uk,Female,18.159.8.163
14,Harper,Ovanesian,hovanesiand@flavors.me,Male,223.10.56.203
15,Christen,Dahlgren,cdahlgrene@craigslist.org,Female,64.121.206.44
16,Keelby,Bowstead,kbowsteadf@shareasale.com,Male,248.36.8.128
17,Elke,Frake,efrakeg@sourceforge.net,Female,129.127.47.141
18,Raimondo,Gurys,rgurysh@fda.gov,Male,214.14.209.253
19,Alan,Goade,agoadei@imageshack.us,Male,34.212.46.212
20,Elonore,Fenny,efennyj@mtv.com,Female,41.122.209.247
21,Barbabas,Laxton,blaxtonk@fema.gov,Male,180.12.24.53
22,Frank,Plomer,fplomerl@statcounter.com,Female,176.234.97.240
23,Ralph,Wetherburn,rwetherburnm@ow.ly,Male,109.240.34.245
24,Erina,Plowes,eplowesn@t-online.de,Female,148.131.189.244
25,Raquel,Kempton,rkemptono@google.de,Female,246.53.102.26
26,Bartolemo,Wiggam,bwiggamp@walmart.com,Male,219.146.156.21
27,Amabel,McPhail,amcphailq@ifeng.com,Female,145.103.33.255
28,Rossy,Tolle,rtoller@timesonline.co.uk,Male,186.126.198.121
29,Essy,Hildred,ehildreds@eventbrite.com,Female,17.92.96.147
30,Alonso,Palser,apalsert@gravatar.com,Male,117.255.56.98
31,Vlad,Normavill,vnormavillu@dropbox.com,Male,159.210.212.6
32,Lockwood,Fairman,lfairmanv@1688.com,Male,115.176.151.93
33,Natalina,Snoxall,nsnoxallw@dmoz.org,Female,98.160.171.141
34,Lanny,Slimings,lslimingsx@va.gov,Female,49.46.197.104
35,Amerigo,Carrane,acarraney@mapquest.com,Male,151.49.224.143
36,Codie,De Launde,cdelaundez@github.io,Male,144.25.2.3
37,Goraud,Wimmer,gwimmer10@rediff.com,Male,65.29.52.126
38,Johnath,Bampforth,jbampforth11@newsvine.com,Female,104.158.213.29
39,Kippar,O'Crigan,kocrigan12@friendfeed.com,Male,251.27.234.179
40,Eddy,Blumsom,eblumsom13@weather.com,Female,241.201.13.10
41,Sibley,Maddrah,smaddrah14@t-online.de,Female,248.163.203.18
42,Lee,Goosnell,lgoosnell15@wufoo.com,Female,205.102.132.133
43,Esmaria,Greet,egreet16@oracle.com,Female,25.2.101.118
44,Percival,Gricks,pgricks17@istockphoto.com,Male,193.27.86.66
45,Charlean,Neesham,cneesham18@linkedin.com,Female,195.191.230.195
46,Ragnar,Bloan,rbloan19@bizjournals.com,Male,31.248.155.138
47,Vivian,McGrirl,vmcgrirl1a@ask.com,Female,106.60.151.203
48,Julee,Turri,jturri1b@intel.com,Female,235.246.232.173
49,Walsh,Hawyes,whawyes1c@nationalgeographic.com,Male,126.182.212.159
50,Karolina,Yerrill,kyerrill1d@nifty.com,Female,177.98.147.148
51,Elton,Lickorish,elickorish1e@surveymonkey.com,Male,208.66.16.126
52,Darn,Buie,dbuie1f@fc2.com,Male,178.180.161.36
53,Fletch,Pawlick,fpawlick1g@sciencedaily.com,Male,66.191.28.133
54,Dewain,Walne,dwalne1h@amazon.com,Male,121.138.132.123
55,Gerianna,Werndly,gwerndly1i@whitehouse.gov,Female,36.99.104.82
56,Regina,Crowcum,rcrowcum1j@goodreads.com,Female,23.206.84.2
57,Layne,Eyres,leyres1k@vistaprint.com,Female,229.234.30.255
58,Clemente,Gooding,cgooding1l@narod.ru,Male,169.46.52.132
59,Lizabeth,Sauter,lsauter1m@discuz.net,Female,168.217.227.21
60,Violante,Elgram,velgram1n@drupal.org,Female,193.159.237.234
61,Bel,Garrow,bgarrow1o@oaic.gov.au,Female,198.211.40.225
62,Misty,Wyllcocks,mwyllcocks1p@bing.com,Female,231.41.33.98
63,Iver,Hanway,ihanway1q@auda.org.au,Male,234.181.164.126
64,Collin,Stallen,cstallen1r@latimes.com,Male,2.177.253.18
65,Derk,Benyan,dbenyan1s@about.com,Male,242.3.2.204
66,Falkner,Tidgewell,ftidgewell1t@nydailynews.com,Male,175.217.17.217
67,Bron,Cromett,bcromett1u@jigsy.com,Male,247.248.40.228
68,Briant,Semor,bsemor1v@dot.gov,Male,83.39.162.94
69,Warner,Huckell,whuckell1w@meetup.com,Male,152.85.66.34
70,Cory,Snowding,csnowding1x@fastcompany.com,Female,45.246.139.112
71,Thadeus,Abbs,tabbs1y@cloudflare.com,Male,87.82.116.212
72,Millicent,Dunthorne,mdunthorne1z@cargocollective.com,Female,186.172.188.92
73,Karleen,Judgkins,kjudgkins20@nih.gov,Female,108.88.86.58
74,Giana,Ciccarello,gciccarello21@globo.com,Female,46.2.18.105
75,Ram,Gracey,rgracey22@wordpress.org,Male,169.209.101.101
76,Germain,Balham,gbalham23@trellian.com,Male,84.184.136.212
77,Garreth,Magwood,gmagwood24@newyorker.com,Male,180.209.123.5
78,Cyril,Sidry,csidry25@deviantart.com,Male,27.82.190.204
79,Reba,Pavlenkov,rpavlenkov26@i2i.jp,Female,154.162.238.155
80,Meta,Glanders,mglanders27@google.ca,Female,91.180.18.187
81,Tuck,Treece,ttreece28@va.gov,Male,123.191.173.83
82,Kirsteni,Zmitrovich,kzmitrovich29@house.gov,Female,240.71.120.227
83,Cherri,Pottie,cpottie2a@unicef.org,Female,13.142.108.35
84,Cheryl,Coffey,ccoffey2b@google.it,Female,66.63.11.138
85,Bale,Lared,blared2c@yandex.ru,Male,35.22.198.229
86,Mattie,Tuxwell,mtuxwell2d@jugem.jp,Male,228.150.57.200
87,Florian,Sultan,fsultan2e@cyberchimps.com,Male,178.176.148.127
88,Marian,Barlace,mbarlace2f@ask.com,Female,130.69.83.134
89,Base,Paniman,bpaniman2g@gmpg.org,Male,209.67.170.166
90,Kearney,Plait,kplait2h@bandcamp.com,Male,217.130.126.4
91,Micheline,Gilluley,mgilluley2i@icio.us,Female,122.98.214.100
92,Shanna,Lode,slode2j@clickbank.net,Female,100.171.89.238
93,Nerty,Fiander,nfiander2k@devhub.com,Female,126.3.8.217
94,Pavla,McDonell,pmcdonell2l@biglobe.ne.jp,Female,35.103.252.176
95,Danna,Jobes,djobes2m@wired.com,Female,36.129.165.149
96,Lenora,Atthowe,latthowe2n@berkeley.edu,Female,215.214.140.229
97,Chaim,Budgett,cbudgett2o@delicious.com,Male,153.75.79.131
98,Garreth,Skipper,gskipper2p@forbes.com,Male,94.202.205.64
99,Juliet,Londors,jlondors2q@miitbeian.gov.cn,Female,95.88.128.98
100,Hall,Levings,hlevings2r@barnesandnoble.com,Male,237.219.246.120
101,Andromache,Bonin,abonin2s@cpanel.net,Female,12.148.123.4
102,Vikky,Scullard,vscullard2t@parallels.com,Female,185.18.30.111
103,Dino,Cockell,dcockell2u@mashable.com,Male,152.54.158.2
104,Darbee,Goodswen,dgoodswen2v@goo.gl,Male,177.159.241.164
105,Teressa,Seaton,tseaton2w@biglobe.ne.jp,Female,120.18.18.186
106,Penelopa,Thoday,pthoday2x@wikia.com,Female,110.191.126.19
107,Codee,Garthside,cgarthside2y@networksolutions.com,Female,82.119.247.121
108,Benito,Ditchfield,bditchfield2z@sogou.com,Male,114.90.190.151
109,Anna-maria,Tilney,atilney30@g.co,Female,194.70.88.169
110,Jehu,Tinan,jtinan31@tripadvisor.com,Male,152.39.75.27
111,Victor,Petraitis,vpetraitis32@slideshare.net,Male,186.103.249.134
112,Melva,Philippson,mphilippson33@pbs.org,Female,109.93.249.176
113,Anestassia,MacGoun,amacgoun34@amazonaws.com,Female,16.184.214.63
114,Marlin,Butson,mbutson35@ebay.co.uk,Male,118.73.19.31
115,Franni,McKoy,fmckoy36@constantcontact.com,Female,130.101.105.162
116,Lem,Stilly,lstilly37@forbes.com,Male,241.255.36.74
117,Miof mela,Rhead,mrhead38@vkontakte.ru,Female,100.250.203.52
118,Free,Brabon,fbrabon39@sbwire.com,Male,20.22.160.123
119,Saxon,Westney,swestney3a@boston.com,Male,212.30.47.225
120,Ernesto,Stolz,estolz3b@tumblr.com,Male,85.108.29.101
121,Jaime,Skures,jskures3c@techcrunch.com,Female,191.31.250.244
122,Salome,Kippax,skippax3d@cocolog-nifty.com,Female,247.197.214.242
123,Tadio,Rogeron,trogeron3e@earthlink.net,Male,72.73.211.134
124,Barnebas,Tupling,btupling3f@cam.ac.uk,Male,224.240.118.133
125,Ellary,Feaviour,efeaviour3g@smh.com.au,Male,197.68.123.225
126,Shirleen,Pullan,spullan3h@bluehost.com,Female,39.23.6.120
127,Drew,Tiron,dtiron3i@biblegateway.com,Male,188.200.214.54
128,Rob,Saunier,rsaunier3j@godaddy.com,Male,208.233.230.73
129,Kristen,Le Guin,kleguin3k@yellowbook.com,Female,168.81.91.21
130,Sheffie,Carloni,scarloni3l@blogspot.com,Male,217.91.6.85
131,Kimmie,Bettenay,kbettenay3m@addthis.com,Female,49.26.216.126
132,Anjela,Farnes,afarnes3n@slashdot.org,Female,106.20.167.135
133,Waldon,Hullett,whullett3o@army.mil,Male,216.67.133.119
134,Noelani,Crosier,ncrosier3p@sciencedirect.com,Female,27.110.25.161
135,Jarrad,Foynes,jfoynes3q@cdc.gov,Male,191.213.127.33
136,Crissy,McDill,cmcdill3r@tripod.com,Female,120.148.76.102
137,Ruby,Cruwys,rcruwys3s@about.com,Female,77.217.53.204
138,Bryanty,Cosbee,bcosbee3t@technorati.com,Male,188.241.23.114
139,Devy,Sheardown,dsheardown3u@blogger.com,Male,96.201.227.221
140,Gerianne,Lawrence,glawrence3v@wunderground.com,Female,45.96.188.35
141,Harp,MacNeilley,hmacneilley3w@geocities.jp,Male,71.109.2.94
142,Phip,MacAree,pmacaree3x@fda.gov,Male,196.22.255.155
143,Anjanette,Hunnywell,ahunnywell3y@constantcontact.com,Female,146.194.16.150
144,Marthena,Wolledge,mwolledge3z@bing.com,Female,181.240.79.254
145,Loralee,Niven,lniven40@hibu.com,Female,120.148.67.180
146,Kelcey,Bugge,kbugge41@hp.com,Female,15.41.34.77
147,Arthur,Tingly,atingly42@nyu.edu,Male,139.241.20.51
148,Willis,Lucey,wlucey43@ibm.com,Male,75.243.50.21
149,Dalis,Wimlett,dwimlett44@redcross.org,Male,197.45.130.191
150,Thor,Skures,tskures45@blogger.com,Male,133.227.255.93
151,Carrol,Cops,ccops46@unicef.org,Male,155.99.105.132
152,Germain,Esp,gesp47@fc2.com,Male,70.79.191.112
153,Willey,Leving,wleving48@elegantthemes.com,Male,130.240.72.179
154,Hastings,Jorgesen,hjorgesen49@biblegateway.com,Male,2.36.198.117
155,Erma,Naerup,enaerup4a@hibu.com,Female,206.218.147.172
156,Terese,Bein,tbein4b@illinois.edu,Female,237.204.70.167
157,Gar,de la Valette Parisot,gdelavaletteparisot4c@bbc.co.uk,Male,182.217.130.63
158,Marleah,Adlington,madlington4d@ebay.co.uk,Female,72.73.64.76
159,Fredrika,Dixcee,fdixcee4e@flickr.com,Female,163.140.92.168
160,Erskine,Cadamy,ecadamy4f@hud.gov,Male,173.62.179.82
161,Lissy,Caudrelier,lcaudrelier4g@cbsnews.com,Female,126.247.149.103
162,Giacinta,Crowd,gcrowd4h@state.gov,Female,179.57.214.87
163,Falito,Walesby,fwalesby4i@biglobe.ne.jp,Male,205.81.74.167
164,Reyna,Seakings,rseakings4j@yellowbook.com,Female,226.117.192.82
165,Arel,Genicke,agenicke4k@xinhuanet.com,Male,170.9.144.89
166,Norry,Burnett,nburnett4l@amazon.de,Male,76.242.78.159
167,Thorn,Le Pruvost,tlepruvost4m@freewebs.com,Male,251.172.79.175
168,Andy,Douch,adouch4n@nasa.gov,Female,120.251.7.77
169,Maggee,Millhouse,mmillhouse4o@bandcamp.com,Female,228.53.102.172
170,Patsy,MacCroary,pmaccroary4p@wikispaces.com,Male,122.161.17.121
171,Laural,Tibb,ltibb4q@digg.com,Female,135.10.44.49
172,Philipa,Ormrod,pormrod4r@sciencedirect.com,Female,176.218.140.187
173,Keslie,Malim,kmalim4s@unc.edu,Female,146.238.26.67
174,Ax,Hudless,ahudless4t@netlog.com,Male,120.7.182.222
175,Pall,Sturridge,psturridge4u@vimeo.com,Male,238.175.209.106
176,Rozanne,Willatts,rwillatts4v@nhs.uk,Female,3.251.59.221
177,Hank,McKiernan,hmckiernan4w@foxnews.com,Male,173.155.247.106
178,Sibella,Stambridge,sstambridge4x@sakura.ne.jp,Female,45.134.247.90
179,Sara-ann,Staining,sstaining4y@indiatimes.com,Female,141.123.246.19
180,Kelsy,Ife,kife4z@abc.net.au,Female,12.35.29.54
181,Sibelle,Evangelinos,sevangelinos50@baidu.com,Female,82.23.12.41
182,Katina,Jeacop,kjeacop51@comsenz.com,Female,243.65.10.33
183,Leland,Gosson,lgosson52@oakley.com,Female,231.97.35.191
184,Cletus,Wraggs,cwraggs53@altervista.org,Male,249.248.97.219
185,Josefina,Frackiewicz,jfrackiewicz54@ihg.com,Female,106.97.146.167
186,Levey,Bugdell,lbugdell55@yandex.ru,Male,83.25.15.186
187,Kyrstin,Pagram,kpagram56@merriam-webster.com,Female,79.243.166.47
188,Mattie,Margett,mmargett57@scribd.com,Male,129.81.114.77
189,Sauncho,Danett,sdanett58@answers.com,Male,82.172.167.87
190,Garfield,Lezemere,glezemere59@issuu.com,Male,62.217.78.58
191,Odelle,Wherton,owherton5a@example.com,Female,242.236.191.59
192,Ludwig,Westmoreland,lwestmoreland5b@bravesites.com,Male,224.49.11.182
193,Luciano,Bentham,lbentham5c@eepurl.com,Male,235.8.60.180
194,Seth,Michele,smichele5d@1und1.de,Male,160.67.238.55
195,Ricoriki,D'Arrigo,rdarrigo5e@symantec.com,Male,142.39.147.215
196,Sheri,Sokell,ssokell5f@scientificamerican.com,Female,185.255.164.50
197,Kippar,Oven,koven5g@paypal.com,Male,89.154.133.79
198,Aimil,Burgot,aburgot5h@paypal.com,Female,128.236.39.13
199,Dreddy,Padrick,dpadrick5i@booking.com,Female,123.81.249.244
200,Baxy,Colvie,bcolvie5j@cisco.com,Male,92.42.97.202
201,Dukey,Daingerfield,ddaingerfield5k@creativecommons.org,Male,207.252.51.145
202,Chrisse,Fennick,cfennick5l@tripod.com,Male,239.137.251.125
203,Warren,Lorenz,wlorenz5m@omniture.com,Male,150.224.192.79
204,Henrik,Le Marquand,hlemarquand5n@soundcloud.com,Male,203.166.51.155
205,Zondra,Begg,zbegg5o@epa.gov,Female,67.208.202.62
206,North,Zettler,nzettler5p@pen.io,Male,132.1.82.116
207,Whit,Worboy,wworboy5q@meetup.com,Male,225.130.75.27
208,Bebe,Swinfon,bswinfon5r@altervista.org,Female,205.231.158.57
209,Lucio,Fellgate,lfellgate5s@nydailynews.com,Male,247.45.184.66
210,Lorettalorna,Tomaszek,ltomaszek5t@state.gov,Female,26.76.159.14
211,Donny,Ilyunin,dilyunin5u@illinois.edu,Female,129.217.199.78
212,Davita,Wenman,dwenman5v@storify.com,Female,217.139.17.137
213,Emmit,Nairns,enairns5w@dedecms.com,Male,252.64.240.175
214,Nell,Fenners,nfenners5x@amazon.co.uk,Female,139.171.213.205
215,Leoine,Tansly,ltansly5y@squarespace.com,Female,203.42.93.149
216,Petr,Malins,pmalins5z@hostgator.com,Male,254.123.173.58
217,Duffie,Barten,dbarten60@cornell.edu,Male,30.251.148.64
218,Orrin,Ben,oben61@joomla.org,Male,128.6.45.142
219,Niccolo,Seydlitz,nseydlitz62@slashdot.org,Male,7.240.46.83
220,Tressa,Flament,tflament63@ovh.net,Female,121.11.200.84
221,Jock,Cossor,jcossor64@g.co,Male,19.82.197.56
222,Perla,Letcher,pletcher65@e-recht24.de,Female,128.192.54.4
223,Nels,Ziemsen,nziemsen66@csmonitor.com,Male,48.181.165.132
224,Westbrook,Shulver,wshulver67@senate.gov,Male,247.148.167.212
225,Mara,Sheffield,msheffield68@bbc.co.uk,Female,156.208.188.149
226,Celine,Elener,celener69@sohu.com,Female,106.19.26.16
227,Augusto,Seabon,aseabon6a@wordpress.org,Male,26.60.233.123
228,Julianne,Eschalotte,jeschalotte6b@lulu.com,Female,73.229.105.99
229,Albie,O'Leahy,aoleahy6c@washingtonpost.com,Male,42.3.236.186
230,Shelden,Zimmer,szimmer6d@house.gov,Male,203.155.66.136
231,Bonni,Cave,bcave6e@amazon.co.jp,Female,231.34.237.219
232,Denise,Gaymer,dgaymer6f@vkontakte.ru,Female,138.165.123.188
233,Nelly,Fassman,nfassman6g@biglobe.ne.jp,Female,15.162.149.13
234,Margaretta,Glavin,mglavin6h@sfgate.com,Female,102.186.184.201
235,Alfonso,Greatham,agreatham6i@nba.com,Male,107.32.251.109
236,Mella,Jakeman,mjakeman6j@reference.com,Female,3.27.116.3
237,Maurise,Browse,mbrowse6k@nih.gov,Female,216.230.2.244
238,Codie,Rablin,crablin6l@prnewswire.com,Male,216.77.141.98
239,Dion,Doreward,ddoreward6m@ow.ly,Male,158.75.63.152
240,Garrek,Dibsdale,gdibsdale6n@ted.com,Male,86.232.250.45
241,Leighton,Powell,lpowell6o@ox.ac.uk,Male,39.91.96.63
242,Linn,Shotbolt,lshotbolt6p@i2i.jp,Male,155.1.206.209
243,Vina,Niesegen,vniesegen6q@a8.net,Female,105.255.87.249
244,Eleanore,Threlfall,ethrelfall6r@squarespace.com,Female,124.183.42.71
245,Genvieve,Clewley,gclewley6s@bluehost.com,Female,125.4.145.156
246,Marion,Gallone,mgallone6t@fc2.com,Female,87.171.175.82
247,Brody,Szymon,bszymon6u@a8.net,Male,33.232.65.196
248,Winston,Blasius,wblasius6v@hud.gov,Male,47.173.3.142
249,Mab,Aldred,maldred6w@altervista.org,Female,101.131.140.136
250,Claudelle,Colombier,ccolombier6x@nbcnews.com,Female,222.97.50.28
251,Fabio,Bendall,fbendall6y@twitter.com,Male,195.90.193.46
252,Shay,Caldera,scaldera6z@infoseek.co.jp,Male,255.246.124.178
253,Reagan,Vila,rvila70@loc.gov,Male,172.196.77.49
254,Essy,Tremberth,etremberth71@house.gov,Female,238.194.229.110
255,Viva,Benoist,vbenoist72@google.de,Female,105.58.164.189
256,Georgena,Steffans,gsteffans73@live.com,Female,250.153.42.24
257,Tuesday,Zaniolo,tzaniolo74@jigsy.com,Female,93.119.109.46
258,Guido,Bestwall,gbestwall75@netlog.com,Male,216.205.168.117
259,Caroline,Leebetter,cleebetter76@comsenz.com,Female,63.220.88.151
260,Wallache,Thying,wthying77@hubpages.com,Male,136.84.62.1
261,Haily,Emblin,hemblin78@istockphoto.com,Male,72.23.4.176
262,Jared,Gerner,jgerner79@nba.com,Male,32.243.62.103
263,Nels,Sheryne,nsheryne7a@hud.gov,Male,140.94.71.87
264,Arabela,Orleton,aorleton7b@shutterfly.com,Female,100.51.215.42
265,Emalia,Veryan,everyan7c@dropbox.com,Female,180.66.169.110
266,Cordey,Allebone,callebone7d@surveymonkey.com,Female,134.246.42.189
267,Bentley,Peasby,bpeasby7e@trellian.com,Male,164.126.147.177
268,Marco,Phil,mphil7f@bbc.co.uk,Male,22.193.10.201
269,Abey,Duddan,aduddan7g@thetimes.co.uk,Male,58.252.193.30
270,Courtnay,Stoacley,cstoacley7h@vk.com,Female,13.65.177.146
271,Elvera,Isakowicz,eisakowicz7i@admin.ch,Female,182.135.219.211
272,Brad,Westgarth,bwestgarth7j@vistaprint.com,Male,119.134.32.191
273,Koralle,Chace,kchace7k@t.co,Female,11.168.174.247
274,Lazaro,Domleo,ldomleo7l@businessinsider.com,Male,83.246.123.29
275,Chadd,McCreary,cmccreary7m@bravesites.com,Male,126.96.196.247
276,Gilles,Balsdon,gbalsdon7n@angelfire.com,Male,244.208.17.111
277,Adolphe,Lichtfoth,alichtfoth7o@bizjournals.com,Male,94.204.117.134
278,Koenraad,Doe,kdoe7p@cdbaby.com,Male,80.165.229.17
279,Charlean,Foale,cfoale7q@ucsd.edu,Female,36.50.30.241
280,Anthiathia,Garrattley,agarrattley7r@moonfruit.com,Female,203.161.8.27
281,Gusty,Brimner,gbrimner7s@i2i.jp,Female,115.233.62.15
282,Stern,Blampied,sblampied7t@cdbaby.com,Male,242.29.8.85
283,Brigg,Chadburn,bchadburn7u@4shared.com,Male,141.138.204.1
284,Dennis,Rowat,drowat7v@surveymonkey.com,Male,87.80.146.209
285,Maura,Hirche,mhirche7w@1688.com,Female,159.245.70.217
286,Bartholemy,Speere,bspeere7x@house.gov,Male,115.89.144.182
287,Robbie,Karlqvist,rkarlqvist7y@hp.com,Male,93.7.61.53
288,Juan,McClinton,jmcclinton7z@symantec.com,Male,228.160.126.6
289,Midge,Avramov,mavramov80@chronoengine.com,Female,81.174.127.175
290,Horton,Skep,hskep81@dropbox.com,Male,13.178.131.132
291,Viviene,Tuison,vtuison82@barnesandnoble.com,Female,105.27.245.86
292,Arin,Walsom,awalsom83@shareasale.com,Male,70.208.51.24
293,Joly,Jorger,jjorger84@vinaora.com,Female,84.27.117.126
294,Kalinda,Stoacley,kstoacley85@japanpost.jp,Female,51.191.232.56
295,Abraham,Orring,aorring86@fema.gov,Male,171.187.113.190
296,Aldis,McKinlay,amckinlay87@cmu.edu,Male,31.235.187.234
297,Torre,Maxwell,tmaxwell88@indiatimes.com,Male,112.250.184.46
298,Cristiano,Thominga,cthominga89@w3.org,Male,39.168.127.17
299,Fidelio,O'Longain,folongain8a@ustream.tv,Male,63.117.178.49
300,Risa,Parnell,rparnell8b@netvibes.com,Female,99.124.166.235
301,Dana,Jozefowicz,djozefowicz8c@slideshare.net,Male,159.64.63.223
302,Delphinia,Tippin,dtippin8d@cpanel.net,Female,94.116.3.60
303,Georgie,Revan,grevan8e@furl.net,Female,22.121.181.49
304,Lillis,Buckwell,lbuckwell8f@hp.com,Female,111.59.199.171
305,Jenn,Ruddin,jruddin8g@typepad.com,Female,23.94.212.191
306,Northrup,Pairpoint,npairpoint8h@weebly.com,Male,191.206.88.78
307,Sasha,Matyugin,smatyugin8i@tmall.com,Female,100.197.53.240
308,Pooh,Norwood,pnorwood8j@flickr.com,Male,213.22.150.60
309,Beckie,Dwelley,bdwelley8k@flavors.me,Female,231.17.57.232
310,Ingar,Ladbrooke,iladbrooke8l@patch.com,Male,184.27.93.253
311,Morrie,Lovart,mlovart8m@skype.com,Male,72.127.33.110
312,Collie,Ubsdale,cubsdale8n@jalbum.net,Female,236.124.20.117
313,Ketti,Witherow,kwitherow8o@google.cn,Female,107.31.151.241
314,Leticia,Schuler,lschuler8p@example.com,Female,39.94.232.160
315,Kerstin,Ghiraldi,kghiraldi8q@feedburner.com,Female,73.184.171.216
316,Arv,Daenen,adaenen8r@google.com.br,Male,116.146.35.29
317,Meade,Headland,mheadland8s@wix.com,Female,250.212.128.146
318,Jennica,MacCaffery,jmaccaffery8t@nationalgeographic.com,Female,224.176.45.174
319,Baxie,Iacobetto,biacobetto8u@woothemes.com,Male,53.162.29.137
320,Penn,MacNucator,pmacnucator8v@cdc.gov,Male,76.163.42.93
321,Valenka,Bratcher,vbratcher8w@i2i.jp,Female,186.146.87.218
322,Helen-elizabeth,Posnett,hposnett8x@ucoz.com,Female,2.44.25.138
323,Benoite,Jotcham,bjotcham8y@bandcamp.com,Female,3.204.236.176
324,Brad,Ottosen,bottosen8z@1und1.de,Male,127.33.214.63
325,Florina,Dominichelli,fdominichelli90@nih.gov,Female,90.167.19.148
326,Kahlil,Nisuis,knisuis91@techcrunch.com,Male,95.146.6.201
327,Diarmid,MacCaughey,dmaccaughey92@statcounter.com,Male,76.176.118.0
328,Paton,Moine,pmoine93@oaic.gov.au,Male,227.210.8.201
329,Rosaleen,Coom,rcoom94@163.com,Female,231.228.63.192
330,Eryn,Mecchi,emecchi95@ezinearticles.com,Female,34.191.133.2
331,Candace,Hartfield,chartfield96@cnet.com,Female,227.93.69.159
332,Mercy,Cust,mcust97@skype.com,Female,221.163.126.171
333,Tabitha,Shorte,tshorte98@mapy.cz,Female,15.100.100.200
334,Sofia,Attreed,sattreed99@psu.edu,Female,226.117.216.124
335,Tabby,Dalliwatr,tdalliwatr9a@samsung.com,Female,128.185.12.57
336,Elysia,Quinlan,equinlan9b@seattletimes.com,Female,58.138.109.201
337,Elsy,Danihelka,edanihelka9c@ning.com,Female,64.153.75.19
338,Yettie,Gruszka,ygruszka9d@fastcompany.com,Female,215.211.220.221
339,Coretta,Ovitz,covitz9e@so-net.ne.jp,Female,38.17.245.114
340,Ringo,Caruth,rcaruth9f@diigo.com,Male,23.189.226.125
341,Northrop,Langcastle,nlangcastle9g@deviantart.com,Male,116.74.235.148
342,Paten,Dubois,pdubois9h@buzzfeed.com,Male,64.186.162.70
343,Lorry,Brister,lbrister9i@wisc.edu,Male,59.167.210.104
344,Elbert,Francie,efrancie9j@huffingtonpost.com,Male,83.59.188.224
345,Amory,Goudie,agoudie9k@wordpress.org,Male,162.196.99.80
346,Riley,Canti,rcanti9l@businessweek.com,Male,187.197.232.246
347,Durante,Backshaw,dbackshaw9m@usnews.com,Male,242.159.124.185
348,Melisent,Tingle,mtingle9n@irs.gov,Female,142.92.1.26
349,Shoshana,Bischoff,sbischoff9o@ucsd.edu,Female,113.172.69.56
350,Ardis,Shoobridge,ashoobridge9p@nasa.gov,Female,128.70.37.170
351,Redd,Dwire,rdwire9q@house.gov,Male,140.103.24.36
352,Ralph,Ivasechko,rivasechko9r@umn.edu,Male,115.140.172.73
353,Waite,Treslove,wtreslove9s@intel.com,Male,203.29.96.101
354,Ragnar,Gavaghan,rgavaghan9t@netvibes.com,Male,243.220.108.123
355,Cindra,Darte,cdarte9u@typepad.com,Female,78.91.176.203
356,Noe,Kinavan,nkinavan9v@indiegogo.com,Male,103.142.119.193
357,Justis,Romer,jromer9w@npr.org,Male,229.189.123.24
358,Yancey,Miere,ymiere9x@chron.com,Male,210.58.142.49
359,Clim,Merrisson,cmerrisson9y@moonfruit.com,Male,247.169.247.117
360,Palmer,Bullough,pbullough9z@berkeley.edu,Male,127.41.73.142
361,Catherin,Beeden,cbeedena0@army.mil,Female,171.97.103.165
362,Loraine,Chillistone,lchillistonea1@friendfeed.com,Female,126.60.222.239
363,Philip,Domel,pdomela2@un.org,Male,25.208.158.91
364,Jedd,Eagar,jeagara3@mtv.com,Male,71.164.26.245
365,Clarke,DelaField,cdelafielda4@unc.edu,Male,191.124.222.217
366,Paolina,Primett,pprimetta5@ca.gov,Female,219.14.45.119
367,Lesly,Chisman,lchismana6@independent.co.uk,Female,215.233.237.96
368,Cora,Kristufek,ckristufeka7@hibu.com,Female,140.13.246.251
369,Karoly,Inkle,kinklea8@diigo.com,Male,215.29.17.178
370,Mitchell,Maunton,mmauntona9@ted.com,Male,14.76.128.46
371,Doloritas,Carville,dcarvilleaa@disqus.com,Female,123.61.190.25
372,Sib,Heigold,sheigoldab@cdc.gov,Female,8.57.101.50
373,Dal,Edgeson,dedgesonac@myspace.com,Male,155.196.49.60
374,Ad,MacGilmartin,amacgilmartinad@imgur.com,Male,3.217.233.107
375,Dwayne,Keveren,dkeverenae@surveymonkey.com,Male,31.72.61.232
376,Teodora,Lethcoe,tlethcoeaf@google.fr,Female,247.3.226.34
377,Aimee,Westover,awestoverag@delicious.com,Female,110.206.180.52
378,Stace,Dilks,sdilksah@moonfruit.com,Female,26.247.130.209
379,Boyce,Bome,bbomeai@who.int,Male,216.222.36.170
380,Frans,Bartalini,fbartaliniaj@sfgate.com,Male,135.230.197.40
381,Demott,Edelman,dedelmanak@un.org,Male,250.111.249.104
382,Sterling,Barkshire,sbarkshireal@tripod.com,Male,28.174.178.153
383,Thaine,Stollen,tstollenam@google.nl,Male,1.144.5.47
384,Jacquetta,MacNucator,jmacnucatoran@networksolutions.com,Female,131.119.77.16
385,Pammi,McCully,pmccullyao@unicef.org,Female,180.247.134.241
386,Sergent,Raiment,sraimentap@wikipedia.org,Male,191.51.190.179
387,Mella,Tarburn,mtarburnaq@ow.ly,Female,119.249.156.84
388,Frank,Felder,ffelderar@amazon.co.jp,Male,101.190.189.249
389,Kinnie,Harbard,kharbardas@vistaprint.com,Male,103.137.59.45
390,Sherri,Gohier,sgohierat@google.nl,Female,237.94.25.123
391,Joye,Bulled,jbulledau@usa.gov,Female,85.79.230.173
392,Maurizia,Tuerena,mtuerenaav@naver.com,Female,162.92.36.206
393,Timmy,Truelove,ttrueloveaw@hubpages.com,Male,26.3.31.246
394,Gilligan,Bruck,gbruckax@columbia.edu,Female,117.74.205.133
395,Doria,Walters,dwaltersay@theatlantic.com,Female,200.27.225.125
396,Hadley,Ivanichev,hivanichevaz@bigcartel.com,Male,184.54.170.89
397,Bettine,Hartzogs,bhartzogsb0@elpais.com,Female,38.92.109.236
398,Killie,Doyley,kdoyleyb1@shutterfly.com,Male,71.233.146.119
399,Olivie,Rookwell,orookwellb2@aol.com,Female,98.140.58.126
400,Jayme,Meany,jmeanyb3@dyndns.org,Female,0.43.2.232
401,Haroun,Abbado,habbadob4@si.edu,Male,198.203.11.236
402,Mateo,Keningham,mkeninghamb5@reference.com,Male,199.143.142.222
403,Oralia,Morrant,omorrantb6@pinterest.com,Female,177.172.74.53
404,Rhys,Davydychev,rdavydychevb7@livejournal.com,Male,124.186.252.119
405,Cull,Bernardon,cbernardonb8@imgur.com,Male,2.128.132.115
406,Far,Broadnicke,fbroadnickeb9@angelfire.com,Male,173.166.56.185
407,Giorgia,Orteu,gorteuba@ycombinator.com,Female,185.36.118.250
408,Isac,Charlson,icharlsonbb@businessinsider.com,Male,34.161.108.104
409,Meggie,Yarranton,myarrantonbc@bbc.co.uk,Female,187.175.209.243
410,Gabriell,Mugglestone,gmugglestonebd@nhs.uk,Female,255.43.255.16
411,Helenka,Laugharne,hlaugharnebe@washington.edu,Female,140.239.231.94
412,Marni,Huxtable,mhuxtablebf@kickstarter.com,Female,57.154.22.119
413,Teddy,Curro,tcurrobg@qq.com,Female,138.246.162.188
414,Cherry,Bentham,cbenthambh@newsvine.com,Female,118.225.20.150
415,Cathlene,Stranio,cstraniobi@businesswire.com,Female,111.227.128.80
416,Lancelot,Mighele,lmighelebj@dagondesign.com,Male,122.215.69.236
417,Maurita,Severn,msevernbk@abc.net.au,Female,153.160.112.246
418,Eva,Meale,emealebl@mac.com,Female,114.157.12.91
419,Drusi,Brecon,dbreconbm@e-recht24.de,Female,171.124.17.193
420,Bevin,Stammler,bstammlerbn@businessinsider.com,Male,55.153.86.31
421,Ermin,Wilderspoon,ewilderspoonbo@smh.com.au,Male,209.165.218.252
422,Wilhelmina,Hounsom,whounsombp@cam.ac.uk,Female,251.119.228.218
423,Michel,Syder,msyderbq@qq.com,Female,99.108.97.197
424,Johannah,Brion,jbrionbr@list-manage.com,Female,189.19.186.144
425,Valentin,Dorwood,vdorwoodbs@tinypic.com,Male,9.201.124.135
426,Giovanna,Growden,ggrowdenbt@merriam-webster.com,Female,47.232.66.86
427,Paddie,Gelderd,pgelderdbu@simplemachines.org,Male,141.94.147.95
428,Henrie,McReynold,hmcreynoldbv@mysql.com,Female,151.117.226.188
429,Griz,Meyer,gmeyerbw@slideshare.net,Male,247.158.252.81
430,Shellie,Zoanetti,szoanettibx@google.de,Female,118.210.185.194
431,Yolanda,Kellie,ykellieby@xrea.com,Female,29.22.0.244
432,Jerrilyn,Casarili,jcasarilibz@dmoz.org,Female,63.31.167.208
433,Lawry,Sprulls,lsprullsc0@bravesites.com,Male,102.187.204.22
434,Darius,Adrian,dadrianc1@blogtalkradio.com,Male,215.95.15.68
435,Joella,Skiggs,jskiggsc2@yellowpages.com,Female,251.64.141.6
436,Benita,Bader,bbaderc3@t-online.de,Female,118.17.174.221
437,Baron,Ben,bbenc4@admin.ch,Male,189.23.87.108
438,Abbey,Gunderson,agundersonc5@gizmodo.com,Female,82.90.32.224
439,Cahra,Basindale,cbasindalec6@mozilla.org,Female,91.33.73.140
440,Frayda,Chater,fchaterc7@wikimedia.org,Female,103.161.103.142
441,Mellisa,Bordis,mbordisc8@utexas.edu,Female,184.0.78.227
442,Oby,Dabney,odabneyc9@google.pl,Male,28.134.163.180
443,Cirstoforo,Boynes,cboynesca@techcrunch.com,Male,117.179.255.142
444,Emalee,Sturte,esturtecb@lulu.com,Female,135.17.180.115
445,Ingelbert,Bamb,ibambcc@unicef.org,Male,106.226.169.150
446,Cobby,Dannell,cdannellcd@earthlink.net,Male,167.195.170.255
447,Jacky,Mallabone,jmallabonece@yellowbook.com,Female,44.112.58.204
448,Kenny,McAvinchey,kmcavincheycf@google.com.hk,Male,19.244.204.195
449,Brodie,Jerche,bjerchecg@cloudflare.com,Male,52.201.125.196
450,Fredek,Rippin,frippinch@1688.com,Male,111.203.83.182
451,Lavena,Munden,lmundenci@parallels.com,Female,133.236.89.62
452,Odilia,Wickey,owickeycj@hubpages.com,Female,95.220.17.7
453,Alistair,Studdert,astuddertck@shutterfly.com,Male,91.232.220.228
454,Evonne,Lokier,elokiercl@time.com,Female,166.126.221.88
455,Kass,Dumbarton,kdumbartoncm@furl.net,Female,199.62.51.105
456,Yasmin,Pinkerton,ypinkertoncn@github.io,Female,138.139.248.67
457,Frannie,Corringham,fcorringhamco@cafepress.com,Male,195.3.207.60
458,Jase,Curston,jcurstoncp@cyberchimps.com,Male,211.28.189.26
459,Rosita,Pappin,rpappincq@apache.org,Female,238.180.206.241
460,Xymenes,Deetlof,xdeetlofcr@marriott.com,Male,209.88.78.65
461,Dionisio,Simonnot,dsimonnotcs@unesco.org,Male,161.245.100.95
462,Sherilyn,Runnalls,srunnallsct@shareasale.com,Female,179.53.201.14
463,Emera,Belvin,ebelvincu@time.com,Female,251.190.243.67
464,Adella,Tulip,atulipcv@google.cn,Female,61.25.105.70
465,Tripp,D'Abbot-Doyle,tdabbotdoylecw@irs.gov,Male,158.93.93.140
466,Lammond,Rubinsaft,lrubinsaftcx@simplemachines.org,Male,77.20.87.179
467,Myriam,Turk,mturkcy@webmd.com,Female,111.56.134.174
468,Harper,Lackeye,hlackeyecz@cdc.gov,Male,109.238.61.99
469,Fannie,Klambt,fklambtd0@skyrock.com,Female,154.4.154.127
470,Rubie,Napoleon,rnapoleond1@reference.com,Female,240.190.243.46
471,Jany,Potzold,jpotzoldd2@clickbank.net,Female,139.241.17.249
472,Federica,Lynde,flynded3@upenn.edu,Female,107.82.42.197
473,Nobe,Grigg,ngriggd4@infoseek.co.jp,Male,56.75.255.40
474,Winna,Meak,wmeakd5@craigslist.org,Female,228.244.85.123
475,Tracey,Wilcox,twilcoxd6@behance.net,Male,137.2.10.165
476,Muire,Alibone,maliboned7@1688.com,Female,213.174.30.148
477,Fredericka,Maffei,fmaffeid8@deviantart.com,Female,223.44.250.204
478,Fielding,Ludwig,fludwigd9@wordpress.com,Male,85.198.158.109
479,Claudine,Inman,cinmanda@skype.com,Female,222.247.71.36
480,Valery,Halstead,vhalsteaddb@nasa.gov,Female,151.232.55.84
481,Dell,Mullally,dmullallydc@latimes.com,Female,95.252.106.44
482,Hestia,Komorowski,hkomorowskidd@e-recht24.de,Female,178.36.230.236
483,Lancelot,Starford,lstarfordde@bigcartel.com,Male,166.248.200.12
484,Rosalia,Candish,rcandishdf@163.com,Female,230.102.234.236
485,Kenon,Dimitrescu,kdimitrescudg@com.com,Male,96.137.188.227
486,Clareta,Reichartz,creichartzdh@elegantthemes.com,Female,65.144.216.144
487,Delainey,Summerrell,dsummerrelldi@virginia.edu,Male,146.12.94.135
488,Nonnah,Ivashin,nivashindj@berkeley.edu,Female,161.112.181.236
489,Madelaine,Fandrey,mfandreydk@printfriendly.com,Female,162.27.27.211
490,Austin,Jakolevitch,ajakolevitchdl@homestead.com,Female,175.181.178.22
491,Holden,Barbie,hbarbiedm@meetup.com,Male,255.210.119.33
492,Clywd,Frankom,cfrankomdn@surveymonkey.com,Male,231.222.52.38
493,Hadleigh,Belf,hbelfdo@europa.eu,Male,5.20.0.64
494,Clerissa,Bentham3,cbenthamdp@youtube.com,Female,0.90.23.52
495,Culver,Flanner,cflannerdq@storify.com,Male,54.255.220.154
496,Eliza,Shaw,eshawdr@scientificamerican.com,Female,133.33.201.114
497,Llywellyn,Cerman,lcermands@sakura.ne.jp,Male,57.233.36.0
498,Adelice,Gannicott,agannicottdt@twitpic.com,Female,65.99.206.145
499,Saundra,Chalk,schalkdu@loc.gov,Male,93.98.249.84
500,Marmaduke,Grestye,mgrestyedv@icq.com,Male,251.156.224.33
501,Feliks,Yankeev,fyankeevdw@skyrock.com,Male,157.249.223.110
502,May,Poupard,mpouparddx@cafepress.com,Female,190.132.49.45
503,Kayla,Bracegirdle,kbracegirdledy@blogtalkradio.com,Female,197.19.63.16
504,Corrine,Bover,cboverdz@nytimes.com,Female,155.217.116.153
505,Rosina,Trevorrow,rtrevorrowe0@mac.com,Female,207.117.221.255
506,Flossi,Loving,flovinge1@bbb.org,Female,112.206.139.81
507,Donn,Stallworthy,dstallworthye2@hostgator.com,Male,36.106.187.120
508,Jade,McAdam,jmcadame3@shutterfly.com,Female,47.138.83.166
509,Sosanna,Aubray,saubraye4@berkeley.edu,Female,109.135.56.117
510,Seward,McCreadie,smccreadiee5@springer.com,Male,13.131.140.119
511,Orville,Mulbry,omulbrye6@blogs.com,Male,14.247.225.199
512,Roxanne,Baskerville,rbaskervillee7@squidoo.com,Female,172.189.109.225
513,Hogan,Saby,hsabye8@disqus.com,Male,1.9.168.151
514,Collin,Casotti,ccasottie9@whitehouse.gov,Male,105.32.242.237
515,Nehemiah,Fulton,nfultonea@google.com.br,Male,190.28.109.175
516,Klement,Yetton,kyettoneb@deviantart.com,Male,77.115.16.3
517,Brose,Stoggles,bstogglesec@instagram.com,Male,194.163.49.32
518,Eirena,Dexter,edextered@stumbleupon.com,Female,198.48.141.116
519,Dannie,Liddard,dliddardee@people.com.cn,Male,191.224.151.251
520,Merry,Overstall,moverstallef@tuttocitta.it,Female,215.119.194.20
521,Nefen,Sekulla,nsekullaeg@google.ru,Male,42.215.156.5
522,Beckie,Brydie,bbrydieeh@techcrunch.com,Female,162.49.170.41
523,Jacquenetta,Scothern,jscothernei@omniture.com,Female,11.72.107.198
524,Ely,Willishire,ewillishireej@dailymotion.com,Male,125.21.52.129
525,Dwain,Scholtz,dscholtzek@google.com.hk,Male,239.138.101.58
526,Nobie,Durgan,ndurganel@icq.com,Male,115.234.159.172
527,Rozamond,Carass,rcarassem@unc.edu,Female,76.107.138.104
528,Kenn,Blondel,kblondelen@purevolume.com,Male,231.166.165.56
529,Maudie,Malster,mmalstereo@japanpost.jp,Female,250.73.66.237
530,Ritchie,Hache,rhacheep@google.de,Male,202.204.67.146
531,Adoree,McGragh,amcgragheq@illinois.edu,Female,104.102.233.35
532,Barb,Cordey,bcordeyer@biglobe.ne.jp,Female,189.202.92.120
533,Janina,Matthewman,jmatthewmanes@nasa.gov,Female,39.84.175.65
534,Glenda,Pedroli,gpedroliet@oakley.com,Female,0.27.144.192
535,Hildagarde,Riccioppo,hriccioppoeu@ucoz.ru,Female,52.160.127.126
536,Mireille,Riden,mridenev@cnbc.com,Female,52.170.154.221
537,Lolly,Algie,lalgieew@va.gov,Female,24.23.44.250
538,Nichole,Ubanks,nubanksex@cisco.com,Male,73.35.155.80
539,Yancey,Giannoni,ygiannoniey@wunderground.com,Male,146.145.236.184
540,Royall,Shore,rshoreez@cam.ac.uk,Male,180.62.73.89
541,Gerek,Camplen,gcamplenf0@wired.com,Male,205.240.176.252
542,Idell,Jovanovic,ijovanovicf1@networkadvertising.org,Female,30.29.241.162
543,Roberto,Chisman,rchismanf2@harvard.edu,Male,101.5.59.148
544,Corinna,Beazley,cbeazleyf3@blogs.com,Female,168.84.15.26
545,Delmer,Crush,dcrushf4@sbwire.com,Male,175.222.189.112
546,Chiquia,Bolstridge,cbolstridgef5@dmoz.org,Female,239.244.84.227
547,Dalis,Biggans,dbiggansf6@eepurl.com,Male,89.50.129.174
548,Moshe,Chislett,mchislettf7@berkeley.edu,Male,236.93.240.198
549,Aube,Stredwick,astredwickf8@free.fr,Male,153.41.116.105
550,Kelly,Bartlett,kbartlettf9@free.fr,Male,117.38.103.150
551,Ray,Culwen,rculwenfa@gmpg.org,Male,124.182.218.164
552,Tiffie,Nutton,tnuttonfb@tripadvisor.com,Female,133.69.111.209
553,Cordi,Levitt,clevittfc@gnu.org,Female,185.205.51.208
554,Leonid,Riguard,lriguardfd@deliciousdays.com,Male,32.194.104.81
555,Blair,Pickburn,bpickburnfe@cargocollective.com,Male,63.122.130.154
556,Morganica,Handover,mhandoverff@hatena.ne.jp,Female,168.39.213.218
557,Glyn,Gebb,ggebbfg@mlb.com,Male,155.47.81.146
558,Zelig,Riby,zribyfh@ebay.com,Male,216.232.251.47
559,Rawley,Yukhnov,ryukhnovfi@cloudflare.com,Male,153.155.196.128
560,Jeanne,Harrema,jharremafj@redcross.org,Female,213.57.93.236
561,Fax,Karpman,fkarpmanfk@vimeo.com,Male,251.222.5.230
562,Tabbitha,Curnokk,tcurnokkfl@e-recht24.de,Female,215.6.10.84
563,Toby,Kershaw,tkershawfm@dagondesign.com,Female,141.61.195.99
564,Katlin,Bedo,kbedofn@reddit.com,Female,244.40.43.229
565,Steward,Kretchmer,skretchmerfo@npr.org,Male,74.48.129.248
566,Emelyne,MacDearmaid,emacdearmaidfp@ebay.com,Female,97.218.172.22
567,Edith,Schuler,eschulerfq@tinypic.com,Female,192.71.225.135
568,Grover,Guillotin,gguillotinfr@blinklist.com,Male,143.67.141.169
569,Milton,Girdler,mgirdlerfs@dmoz.org,Male,93.255.243.46
570,Prentice,Pressman,ppressmanft@cbc.ca,Male,191.224.137.234
571,Blythe,Rowler,browlerfu@jalbum.net,Female,236.242.123.6
572,Ebony,Noe,enoefv@theguardian.com,Female,201.148.209.55
573,Fredek,McKevany,fmckevanyfw@whitehouse.gov,Male,33.62.133.94
574,August,MacCheyne,amaccheynefx@paypal.com,Male,103.117.38.88
575,Vonny,Tumelty,vtumeltyfy@wisc.edu,Female,249.142.4.234
576,Bili,Le Brom,blebromfz@ed.gov,Female,137.234.120.114
577,Thayne,Blas,tblasg0@wiley.com,Male,31.184.193.45
578,Cassius,Cross,ccrossg1@imgur.com,Male,247.219.183.121
579,Farica,Morphet,fmorphetg2@nih.gov,Female,27.202.156.33
580,Matthieu,Brassill,mbrassillg3@w3.org,Male,110.70.111.168
581,Emmeline,Lokier,elokierg4@nhs.uk,Female,37.216.186.33
582,Frank,Bonanno,fbonannog5@godaddy.com,Male,47.119.138.34
583,Natty,Debrett,ndebrettg6@wunderground.com,Male,11.82.102.150
584,Hyacinthia,Marcoolyn,hmarcoolyng7@salon.com,Female,14.68.32.179
585,Zebulen,Leal,zlealg8@home.pl,Male,216.237.181.44
586,Gilemette,Widdows,gwiddowsg9@merriam-webster.com,Female,11.98.5.144
587,Rodge,Harome,rharomega@constantcontact.com,Male,160.142.69.55
588,Odette,Sheerin,osheeringb@jigsy.com,Female,174.254.254.176
589,Bald,Dornin,bdorningc@unc.edu,Male,226.249.197.192
590,Terri-jo,Rocco,troccogd@ask.com,Female,24.131.206.225
591,Curry,McQuaid,cmcquaidge@shareasale.com,Male,178.71.61.93
592,Milton,Chaudrelle,mchaudrellegf@livejournal.com,Male,29.241.4.229
593,Adan,Fenck,afenckgg@xrea.com,Female,227.30.3.139
594,Jeddy,Noye,jnoyegh@twitpic.com,Male,136.144.251.79
595,Rheta,Hamill,rhamillgi@networksolutions.com,Female,38.17.143.193
596,Blisse,Codling,bcodlinggj@com.com,Female,139.83.184.195
597,Laurice,Le Breton,llebretongk@discovery.com,Female,143.92.156.57
598,Ulrika,Erat,ueratgl@discuz.net,Female,221.84.18.181
599,Verne,Maun,vmaungm@hp.com,Male,176.59.26.123
600,Othilie,Jacquemet,ojacquemetgn@youtube.com,Female,175.88.185.122
601,Yancy,Ruddiforth,yruddiforthgo@census.gov,Male,228.126.209.209
602,Marget,Herkess,mherkessgp@barnesandnoble.com,Female,197.33.34.195
603,Tris,Bermingham,tberminghamgq@meetup.com,Male,30.73.49.250
604,Elysee,Edgar,eedgargr@mit.edu,Female,219.36.169.91
605,Hetti,Etches,hetchesgs@theatlantic.com,Female,190.178.219.207
606,Dedie,Harvey,dharveygt@economist.com,Female,62.138.234.212
607,Aline,Feirn,afeirngu@themeforest.net,Female,159.66.161.138
608,Giustino,Vater,gvatergv@ocn.ne.jp,Male,192.85.84.194
609,Bianka,Rosendorf,brosendorfgw@livejournal.com,Female,14.144.19.96
610,Sybyl,Killigrew,skilligrewgx@taobao.com,Female,143.75.193.230
611,Diane-marie,Reignolds,dreignoldsgy@washington.edu,Female,171.172.1.206
612,Isaak,MacDonell,imacdonellgz@artisteer.com,Male,240.165.41.5
613,Elvis,Harberer,eharbererh0@last.fm,Male,104.123.41.197
614,Katha,Hurdman,khurdmanh1@eventbrite.com,Female,61.223.163.30
615,Falito,Keetley,fkeetleyh2@psu.edu,Male,242.66.91.189
616,Shalom,Bloys,sbloysh3@cnbc.com,Male,41.41.198.28
617,Alphonse,Cotman,acotmanh4@dailymail.co.uk,Male,87.215.10.216
618,Gareth,Woolforde,gwoolfordeh5@sitemeter.com,Male,88.6.92.143
619,Cristen,Coupe,ccoupeh6@state.gov,Female,49.49.117.225
620,Stoddard,MacDuff,smacduffh7@tmall.com,Female,189.41.14.111
621,Roy,Dennett,rdennetth8@delicious.com,Male,70.140.79.54
622,Sherm,Jaxon,sjaxonh9@spotify.com,Male,78.61.58.2
623,Arvin,Sprigg,aspriggha@ifeng.com,Male,249.169.240.235
624,Marijo,Karel,mkarelhb@google.es,Female,249.230.103.226
625,Aggi,Tolmie,atolmiehc@pinterest.com,Female,39.254.242.7
626,Carver,Jennaway,cjennawayhd@wiley.com,Male,98.226.138.166
627,Marylin,Houseman,mhousemanhe@shop-pro.jp,Female,237.89.226.89
628,Colan,McDyer,cmcdyerhf@elpais.com,Male,96.37.171.193
629,Cassie,Tarbath,ctarbathhg@ehow.com,Male,222.201.26.51
630,Cly,Dederick,cdederickhh@imageshack.us,Male,11.197.89.136
631,Ingeberg,Gormally,igormallyhi@163.com,Female,76.224.164.132
632,Fonzie,Westbury,fwestburyhj@accuweather.com,Male,123.66.123.163
633,Emelyne,Tosspell,etosspellhk@blog.com,Female,225.93.129.255
634,Jefferey,Trahmel,jtrahmelhl@hugedomains.com,Male,100.35.43.33
635,Aigneis,Phizakarley,aphizakarleyhm@about.me,Female,23.66.154.48
636,Michail,Heningam,mheningamhn@forbes.com,Male,200.150.152.164
637,Marv,Halsworth,mhalsworthho@elpais.com,Male,228.43.87.128
638,Alie,Ballintyne,aballintynehp@barnesandnoble.com,Female,237.212.180.49
639,Margaux,Kimmins,mkimminshq@w3.org,Female,59.216.228.153
640,Lucilia,Chaim,lchaimhr@sfgate.com,Female,131.39.199.47
641,Camellia,Tytcomb,ctytcombhs@fema.gov,Female,165.31.160.50
642,Mordy,Desmond,mdesmondht@microsoft.com,Male,165.129.62.123
643,Alexander,Ox,aoxhu@alexa.com,Male,48.151.78.99
644,Teri,Stebbin,tstebbinhv@statcounter.com,Female,168.213.241.68
645,Vanessa,Railton,vrailtonhw@weebly.com,Female,102.74.180.154
646,Pace,Willbond,pwillbondhx@timesonline.co.uk,Male,88.100.179.124
647,Geoffry,Timmermann,gtimmermannhy@cnbc.com,Male,141.222.173.89
648,Chelsy,Shovell,cshovellhz@answers.com,Female,91.41.253.194
649,Aime,Ramstead,aramsteadi0@wired.com,Female,27.163.138.203
650,Averell,Kerrigan,akerrigani1@tumblr.com,Male,73.231.15.44
651,Michel,Cridlin,mcridlini2@tinypic.com,Female,209.46.151.169
652,Hewet,Wattingham,hwattinghami3@seattletimes.com,Male,211.222.82.167
653,Boigie,Meneux,bmeneuxi4@cpanel.net,Male,144.109.137.238
654,Agnola,Swinnerton,aswinnertoni5@infoseek.co.jp,Female,122.233.64.126
655,Clarie,Rubenovic,crubenovici6@ft.com,Female,210.26.149.192
656,Gus,Hause,ghausei7@cpanel.net,Female,21.210.69.60
657,Erny,Winterson,ewintersoni8@jiathis.com,Male,35.21.22.242
658,Brandy,Kubyszek,bkubyszeki9@buzzfeed.com,Female,127.198.231.43
659,Curr,Aylmer,caylmeria@purevolume.com,Male,235.10.193.182
660,Matty,Bronger,mbrongerib@gnu.org,Male,16.244.128.91
661,Flory,Ludlem,fludlemic@purevolume.com,Female,129.231.35.187
662,Grady,Romanski,gromanskiid@php.net,Male,48.135.122.56
663,Cheslie,Simo,csimoie@bravesites.com,Female,93.163.111.144
664,Parke,Diddams,pdiddamsif@bing.com,Male,52.105.181.252
665,Althea,Vince,avinceig@pagesperso-orange.fr,Female,205.173.89.86
666,Tabitha,Brugemann,tbrugemannih@boston.com,Female,157.44.5.59
667,Rip,Gard,rgardii@admin.ch,Male,210.172.102.219
668,Nissa,Breit,nbreitij@yelp.com,Female,249.212.129.65
669,Rhianna,Prandin,rprandinik@ed.gov,Female,226.133.22.147
670,Harley,Glowacz,hglowaczil@deviantart.com,Female,130.132.145.59
671,Odey,Le Brom,olebromim@privacy.gov.au,Male,219.118.119.191
672,Viki,Rumens,vrumensin@phoca.cz,Female,110.221.154.105
673,Jesus,Douch,jdouchio@clickbank.net,Male,243.175.174.143
674,Bernardo,Bickerstaff,bbickerstaffip@hostgator.com,Male,147.156.243.184
675,Pietrek,Verchambre,pverchambreiq@mac.com,Male,165.83.87.8
676,Lilyan,Webster,lwebsterir@google.com.br,Female,180.112.26.203
677,Meridith,Salvati,msalvatiis@state.tx.us,Female,50.234.31.1
678,Witty,Amis,wamisit@hibu.com,Male,2.143.24.201
679,Gilberto,Gorgl,ggorgliu@usda.gov,Male,57.73.172.140
680,Tremain,Letterick,tletterickiv@merriam-webster.com,Male,2.222.45.47
681,Ephraim,Dairton,edairtoniw@google.ca,Male,118.23.21.90
682,Lilia,Withinshaw,lwithinshawix@fema.gov,Female,85.167.18.118
683,Darrel,Newbegin,dnewbeginiy@reddit.com,Male,137.211.50.54
684,Agosto,Iceton,aicetoniz@ask.com,Male,137.197.88.137
685,Myles,Thunderchief,mthunderchiefj0@psu.edu,Male,32.16.180.94
686,Nyssa,Edes,nedesj1@naver.com,Female,150.187.41.173
687,Heidie,Conniam,hconniamj2@marriott.com,Female,127.85.127.172
688,Jase,Stitwell,jstitwellj3@cbc.ca,Male,36.77.114.216
689,Devondra,McClean,dmccleanj4@nature.com,Female,1.198.21.182
690,Kaitlynn,Thebeaud,kthebeaudj5@cloudflare.com,Female,162.173.0.63
691,Maria,Pilbury,mpilburyj6@ebay.com,Female,239.177.233.42
692,Georgena,Machan,gmachanj7@typepad.com,Female,18.168.4.17
693,Mikaela,Jerrome,mjerromej8@pcworld.com,Female,140.185.175.215
694,Hieronymus,McGeechan,hmcgeechanj9@myspace.com,Male,50.10.71.145
695,Rutherford,Alliston,rallistonja@tripadvisor.com,Male,157.112.169.188
696,Nico,Lieb,nliebjb@themeforest.net,Male,49.42.38.83
697,Agatha,Stair,astairjc@cargocollective.com,Female,67.222.255.172
698,Laraine,Davidavidovics,ldavidavidovicsjd@earthlink.net,Female,228.43.78.71
699,Melissa,Hungerford,mhungerfordje@elegantthemes.com,Female,68.229.148.120
700,Cordula,Poncet,cponcetjf@usnews.com,Female,156.120.250.193
701,Wells,Biasio,wbiasiojg@angelfire.com,Male,177.246.111.58
702,Louisette,Altofts,laltoftsjh@jimdo.com,Female,159.249.8.201
703,Gerri,Girod,ggirodji@weibo.com,Male,79.38.104.141
704,Marion,Steer,msteerjj@rediff.com,Male,6.97.68.113
705,Ariela,Elsdon,aelsdonjk@rediff.com,Female,124.12.164.217
706,Benito,Vasser,bvasserjl@posterous.com,Male,27.54.146.204
707,Crichton,Sparway,csparwayjm@icq.com,Male,208.198.207.214
708,Rudy,Amott,ramottjn@studiopress.com,Male,133.56.126.101
709,Charley,Duckers,cduckersjo@live.com,Male,123.185.225.82
710,Candice,Lacroutz,clacroutzjp@ovh.net,Female,217.199.208.111
711,Ludwig,Bolan,lbolanjq@icio.us,Male,52.94.4.213
712,Zachery,Worgen,zworgenjr@wp.com,Male,153.243.2.61
713,Thibaud,Gueny,tguenyjs@istockphoto.com,Male,202.228.69.139
714,Margaux,Trorey,mtroreyjt@moonfruit.com,Female,38.51.111.139
715,Georgia,O'Doherty,godohertyju@nba.com,Female,82.137.34.69
716,Brennan,Verzey,bverzeyjv@google.cn,Male,19.76.54.222
717,Udale,Brundle,ubrundlejw@wufoo.com,Male,197.234.68.99
718,Traci,Langfitt,tlangfittjx@abc.net.au,Female,107.6.96.199
719,Nalani,Sutcliff,nsutcliffjy@privacy.gov.au,Female,106.226.134.57
720,Dell,Millmore,dmillmorejz@cdbaby.com,Male,47.144.62.24
721,Andrew,Vooght,avooghtk0@sciencedirect.com,Male,165.197.162.202
722,Egon,Lattka,elattkak1@irs.gov,Male,19.152.223.230
723,Torin,Cortez,tcortezk2@wp.com,Male,159.154.255.155
724,Carmon,Heggie,cheggiek3@answers.com,Female,134.215.149.1
725,Alexander,Ellerby,aellerbyk4@ted.com,Male,207.142.83.76
726,Kipp,Crumley,kcrumleyk5@cyberchimps.com,Female,103.236.183.8
727,Titus,Dietzler,tdietzlerk6@slashdot.org,Male,10.232.216.172
728,Elicia,Fluin,efluink7@prweb.com,Female,107.38.14.199
729,Alison,Sneezum,asneezumk8@tamu.edu,Female,31.121.228.186
730,Charlene,Ply,cplyk9@scribd.com,Female,85.54.76.143
731,Simon,Christopher,schristopherka@purevolume.com,Male,186.38.159.217
732,Vincenty,MacTrustie,vmactrustiekb@geocities.jp,Male,217.219.215.118
733,Chanda,Tritton,ctrittonkc@census.gov,Female,104.226.72.183
734,Gideon,Norledge,gnorledgekd@timesonline.co.uk,Male,26.82.21.137
735,Janina,Vasilyevski,jvasilyevskike@odnoklassniki.ru,Female,159.15.100.10
736,Jeddy,Forsard,jforsardkf@google.de,Male,228.246.240.219
737,Olive,Wilkisson,owilkissonkg@smugmug.com,Female,159.91.122.67
738,Alejoa,Grafhom,agrafhomkh@addtoany.com,Male,229.1.104.188
739,Harlen,Tie,htieki@github.com,Male,188.215.55.179
740,Abe,Lemmanbie,alemmanbiekj@smugmug.com,Male,168.50.92.25
741,Marthe,Apdell,mapdellkk@e-recht24.de,Female,215.124.94.79
742,Dolf,Dormand,ddormandkl@deliciousdays.com,Male,118.190.234.251
743,Claiborne,O'Brogane,cobroganekm@unesco.org,Male,67.151.21.242
744,Claude,Scrivens,cscrivenskn@illinois.edu,Female,38.17.168.163
745,Tanitansy,Maciak,tmaciakko@csmonitor.com,Female,211.202.127.164
746,Kiel,De Giorgis,kdegiorgiskp@wsj.com,Male,237.91.32.85
747,Devin,Hollerin,dhollerinkq@devhub.com,Female,216.128.176.223
748,Simone,Decruse,sdecrusekr@apache.org,Female,218.115.81.190
749,Coral,Younge,cyoungeks@rediff.com,Female,119.197.113.64
750,Marlon,Flye,mflyekt@fda.gov,Male,235.25.141.167
751,Gusti,Kemmett,gkemmettku@feedburner.com,Female,235.74.231.202
752,Garrick,Bangley,gbangleykv@e-recht24.de,Male,116.154.209.121
753,Lou,Trevon,ltrevonkw@ask.com,Female,54.161.126.101
754,Retha,Laraway,rlarawaykx@nba.com,Female,190.137.12.134
755,Tobye,Aronowicz,taronowiczky@canalblog.com,Female,11.133.171.211
756,Tadio,Fourman,tfourmankz@washingtonpost.com,Male,93.182.174.232
757,Jillayne,Egginson,jegginsonl0@cpanel.net,Female,252.209.204.111
758,Tucky,Snowdon,tsnowdonl1@photobucket.com,Male,128.204.8.90
759,Idelle,Adrianello,iadrianellol2@discovery.com,Female,79.2.86.74
760,Baillie,Groarty,bgroartyl3@shinystat.com,Male,142.252.223.46
761,Sherline,Cowie,scowiel4@msu.edu,Female,156.118.201.95
762,Dexter,Pattlel,dpattlell5@flickr.com,Male,136.1.144.127
763,Herculie,Herity,hherityl6@narod.ru,Male,249.81.48.91
764,Homerus,Haken,hhakenl7@themeforest.net,Male,67.141.150.69
765,Randell,Djokovic,rdjokovicl8@seattletimes.com,Male,241.251.175.176
766,Burnaby,Stummeyer,bstummeyerl9@deviantart.com,Male,143.139.88.181
767,Alwyn,Watmore,awatmorela@ovh.net,Male,48.207.107.53
768,Sallyanne,Bedle,sbedlelb@blogger.com,Female,235.82.126.120
769,Kristyn,Priscott,kpriscottlc@edublogs.org,Female,50.147.244.238
770,Ingmar,Daskiewicz,idaskiewiczld@blogs.com,Male,26.51.16.138
771,Sherman,Golly,sgollyle@imageshack.us,Male,14.242.44.74
772,Valenka,Bowgen,vbowgenlf@lycos.com,Female,27.60.68.112
773,Etta,Guy,eguylg@cafepress.com,Female,222.207.49.149
774,Lenard,Othick,lothicklh@theguardian.com,Male,12.207.238.247
775,Pearl,Maciejewski,pmaciejewskili@blogs.com,Female,249.229.164.213
776,Belvia,Durkin,bdurkinlj@delicious.com,Female,137.182.77.26
777,Josie,Lacroutz,jlacroutzlk@bigcartel.com,Female,166.214.48.221
778,Anthea,Standell,astandellll@comsenz.com,Female,182.230.182.71
779,Forbes,Meanwell,fmeanwelllm@ycombinator.com,Male,122.22.110.50
780,Paul,Brinkworth,pbrinkworthln@tumblr.com,Male,79.4.21.144
781,Carmelia,Wills,cwillslo@imdb.com,Female,209.192.252.58
782,Daisie,Caughey,dcaugheylp@clickbank.net,Female,239.123.251.52
783,Aimee,Blanckley,ablanckleylq@si.edu,Female,37.18.149.187
784,Jenifer,Munt,jmuntlr@cbslocal.com,Female,5.184.50.192
785,Kass,Sidworth,ksidworthls@kickstarter.com,Female,55.114.50.80
786,Kayne,Jeanel,kjeanellt@dropbox.com,Male,153.209.192.165
787,Hertha,Hayes,hhayeslu@sitemeter.com,Female,195.6.140.187
788,Trumaine,Yallop,tyalloplv@printfriendly.com,Male,6.238.5.196
789,York,Margrem,ymargremlw@nasa.gov,Male,140.82.44.211
790,Dasya,Jerschke,djerschkelx@sun.com,Female,226.110.254.200
791,Herbie,Shields,hshieldsly@geocities.jp,Male,54.224.94.54
792,Yoshiko,Kemmey,ykemmeylz@dyndns.org,Female,45.48.174.166
793,Trumaine,Shirtliff,tshirtliffm0@twitter.com,Male,138.136.148.74
794,Ugo,Davidwitz,udavidwitzm1@xinhuanet.com,Male,253.242.59.18
795,Ryon,Theml,rthemlm2@deviantart.com,Male,46.215.31.91
796,Quinta,Mellish,qmellishm3@domainmarket.com,Female,109.186.197.185
797,Estell,Tomczykiewicz,etomczykiewiczm4@smugmug.com,Female,69.202.178.135
798,Keelia,Gannaway,kgannawaym5@usnews.com,Female,14.150.159.228
799,Mignon,Winsborrow,mwinsborrowm6@alexa.com,Female,173.15.201.120
800,Verina,Kenworthey,vkenwortheym7@booking.com,Female,252.47.75.114
801,Brody,Harbar,bharbarm8@sogou.com,Male,13.107.164.100
802,Justis,Patington,jpatingtonm9@etsy.com,Male,63.66.188.180
803,Allissa,Cuttell,acuttellma@multiply.com,Female,186.67.234.201
804,Keene,McMorran,kmcmorranmb@g.co,Male,152.64.121.157
805,Irving,Maun,imaunmc@mozilla.org,Male,141.253.191.154
806,Mack,Dytham,mdythammd@4shared.com,Male,58.39.162.15
807,Gloriane,Mewett,gmewettme@last.fm,Female,178.56.162.13
808,Stavro,Klimochkin,sklimochkinmf@soundcloud.com,Male,185.239.41.205
809,Abram,Jamot,ajamotmg@state.tx.us,Male,247.32.175.165
810,Griffith,Robus,grobusmh@sakura.ne.jp,Male,32.113.243.134
811,Darn,Dandie,ddandiemi@nature.com,Male,93.64.176.2
812,Lucilia,Ousbie,lousbiemj@delicious.com,Female,0.12.159.136
813,Darrell,Kinsman,dkinsmanmk@seattletimes.com,Male,216.80.0.20
814,Bria,Blowers,bblowersml@wix.com,Female,70.91.197.38
815,Margaret,Goalby,mgoalbymm@4shared.com,Female,183.2.176.144
816,Boris,Farrin,bfarrinmn@ehow.com,Male,207.46.102.178
817,Beatrix,Rutgers,brutgersmo@spotify.com,Female,149.126.149.28
818,Colette,Corneliussen,ccorneliussenmp@php.net,Female,199.90.206.65
819,Owen,Scully,oscullymq@booking.com,Male,215.197.87.153
820,Elden,Jonczyk,ejonczykmr@gravatar.com,Male,48.149.47.27
821,Jacklin,Henzer,jhenzerms@clickbank.net,Female,107.22.185.87
822,Vinny,Ney,vneymt@is.gd,Male,149.89.100.138
823,Gretal,Harback,gharbackmu@free.fr,Female,248.189.241.78
824,Alexine,Weld,aweldmv@wunderground.com,Female,199.94.82.91
825,Elberta,Duckwith,educkwithmw@prweb.com,Female,48.197.203.32
826,Ollie,D'Hooge,odhoogemx@huffingtonpost.com,Female,110.198.192.64
827,Benoit,Westoff,bwestoffmy@rakuten.co.jp,Male,255.83.106.229
828,Trumaine,Bellingham,tbellinghammz@mashable.com,Male,50.155.229.102
829,Neal,Gilogly,ngiloglyn0@google.pl,Male,147.10.247.234
830,Blakelee,Hardwidge,bhardwidgen1@techcrunch.com,Female,28.179.245.209
831,Shurwood,Hurdwell,shurdwelln2@rambler.ru,Male,92.17.48.218
832,Reggie,Jurewicz,rjurewiczn3@mayoclinic.com,Female,130.88.202.189
833,Anastasie,Dewhurst,adewhurstn4@woothemes.com,Female,14.91.210.23
834,Hoebart,de Amaya,hdeamayan5@apache.org,Male,227.34.219.33
835,Kelsy,King,kkingn6@de.vu,Female,217.207.182.155
836,Adolph,Scopyn,ascopynn7@dedecms.com,Male,234.149.198.252
837,Curry,Renvoise,crenvoisen8@storify.com,Male,204.47.114.36
838,Maddy,Ridgers,mridgersn9@patch.com,Female,92.1.180.60
839,Lian,Watkiss,lwatkissna@fema.gov,Female,63.156.26.234
840,Solomon,Hakeworth,shakeworthnb@dailymail.co.uk,Male,24.128.153.130
841,Zaneta,Caffery,zcafferync@liveinternet.ru,Female,77.47.132.182
842,Kassandra,Cooling,kcoolingnd@ucla.edu,Female,169.207.37.33
843,Jeffrey,Markova,jmarkovane@uol.com.br,Male,242.196.147.210
844,Maris,Blagbrough,mblagbroughnf@t-online.de,Female,54.167.170.119
845,Benedetto,Capehorn,bcapehornng@msu.edu,Male,153.197.39.20
846,Celka,Vannet,cvannetnh@ovh.net,Female,168.191.89.118
847,Kevon,Haxell,khaxellni@naver.com,Male,208.249.155.220
848,Pat,Coughan,pcoughannj@opera.com,Female,156.111.52.31
849,Anabelle,Ralestone,aralestonenk@indiegogo.com,Female,106.151.67.209
850,Link,Boothebie,lboothebienl@icq.com,Male,86.3.94.212
851,Marthe,Gellately,mgellatelynm@posterous.com,Female,196.113.202.202
852,Dorie,Pantry,dpantrynn@issuu.com,Male,163.236.86.109
853,Sven,Brosnan,sbrosnanno@dailymail.co.uk,Male,31.155.232.26
854,Meir,Panas,mpanasnp@unc.edu,Male,186.206.10.118
855,Merissa,Linforth,mlinforthnq@pagesperso-orange.fr,Female,6.170.250.9
856,Nester,Suero,nsueronr@timesonline.co.uk,Male,160.126.194.215
857,Adore,Altoft,aaltoftns@usatoday.com,Female,199.222.97.164
858,Munroe,Ferrillio,mferrilliont@hhs.gov,Male,69.41.229.160
859,Roddy,Scoffins,rscoffinsnu@scribd.com,Male,199.137.49.169
860,Del,Shiell,dshiellnv@csmonitor.com,Male,19.173.2.25
861,Amandy,Goldine,agoldinenw@adobe.com,Female,110.18.120.182
862,Hilde,Richardes,hrichardesnx@desdev.cn,Female,42.47.165.38
863,Domini,Hattiff,dhattiffny@mozilla.org,Female,104.153.240.8
864,Barry,Drury,bdrurynz@fema.gov,Male,98.140.121.222
865,Farrell,Sails,fsailso0@godaddy.com,Male,139.222.11.105
866,Mile,Saby,msabyo1@un.org,Male,207.8.142.46
867,Huberto,Handley,hhandleyo2@cocolog-nifty.com,Male,16.50.100.134
868,Jenelle,Goffe,jgoffeo3@columbia.edu,Female,144.136.89.151
869,Ganny,Pitfield,gpitfieldo4@howstuffworks.com,Male,158.126.215.173
870,Nehemiah,McTiernan,nmctiernano5@stanford.edu,Male,134.237.12.131
871,Abel,Nice,aniceo6@earthlink.net,Male,11.125.50.240
872,Paquito,Leacy,pleacyo7@engadget.com,Male,194.216.243.81
873,Woodman,Scoggans,wscogganso8@wix.com,Male,62.217.143.227
874,Raddie,Shillam,rshillamo9@yale.edu,Male,108.201.205.48
875,Alf,Vasishchev,avasishchevoa@so-net.ne.jp,Male,248.218.122.159
876,Kyle,Turfes,kturfesob@google.com,Male,32.220.131.28
877,Bessie,D'Elias,bdeliasoc@mac.com,Female,150.62.95.65
878,Ogdon,Walliker,owallikerod@mediafire.com,Male,50.58.238.221
879,Harrietta,Chase,hchaseoe@hubpages.com,Female,33.133.49.55
880,Morly,Addis,maddisof@lulu.com,Male,242.28.165.31
881,Valentine,Demaid,vdemaidog@issuu.com,Female,228.163.142.21
882,Cherie,Sterndale,csterndaleoh@ucoz.ru,Female,122.41.61.55
883,Leesa,Vowell,lvowelloi@flavors.me,Female,178.237.47.115
884,Engracia,Brantzen,ebrantzenoj@nyu.edu,Female,187.113.88.255
885,Doretta,Reddell,dreddellok@bandcamp.com,Female,200.158.156.97
886,Hermy,Merrgen,hmerrgenol@cbslocal.com,Male,235.216.227.63
887,Ferdinanda,Boolsen,fboolsenom@techcrunch.com,Female,107.64.139.134
888,Alix,Peebles,apeebleson@biglobe.ne.jp,Female,119.86.6.48
889,Jenn,Ryman,jrymanoo@webeden.co.uk,Female,1.222.59.229
890,Frankie,Vials,fvialsop@thetimes.co.uk,Male,175.35.19.122
891,Marieann,Perfect,mperfectoq@moonfruit.com,Female,197.176.83.194
892,Miguel,Mathis,mmathisor@g.co,Male,227.51.21.212
893,Heidie,Denziloe,hdenziloeos@hatena.ne.jp,Female,176.71.127.133
894,Burgess,Birdwhistell,bbirdwhistellot@hp.com,Male,179.39.42.145
895,Theressa,Woodburne,twoodburneou@upenn.edu,Female,249.58.71.245
896,Christel,Le Fleming,cleflemingov@amazon.co.jp,Female,44.5.58.144
897,Gunner,Domerq,gdomerqow@intel.com,Male,184.21.245.138
898,Brien,Formigli,bformigliox@bravesites.com,Male,49.71.106.103
899,King,Cambden,kcambdenoy@quantcast.com,Male,167.195.56.185
900,Sinclare,Leynagh,sleynaghoz@upenn.edu,Male,41.202.197.92
901,Augy,Rockhall,arockhallp0@yelp.com,Male,11.121.57.210
902,Estele,Bambury,ebamburyp1@wordpress.org,Female,36.247.78.151
903,Ofilia,Sadat,osadatp2@psu.edu,Female,227.253.101.70
904,Octavius,Rhymer,orhymerp3@booking.com,Male,158.216.15.86
905,Karlan,Nattriss,knattrissp4@mediafire.com,Male,252.241.153.187
906,Candice,Avory,cavoryp5@alibaba.com,Female,182.176.74.156
907,Herold,Allott,hallottp6@sciencedaily.com,Male,239.169.197.85
908,Kathleen,Strelitzer,kstrelitzerp7@toplist.cz,Female,65.242.66.161
909,Bentley,Batalini,bbatalinip8@fda.gov,Male,86.160.151.198
910,Goldi,Bailey,gbaileyp9@tamu.edu,Female,236.202.2.228
911,Kristine,Sapson,ksapsonpa@ft.com,Female,76.41.134.76
912,Maje,Ridett,mridettpb@whitehouse.gov,Male,20.213.47.157
913,Lorne,Varndell,lvarndellpc@domainmarket.com,Female,203.19.116.24
914,Erna,Figge,efiggepd@yahoo.com,Female,49.83.158.254
915,Pavia,Rosencrantz,prosencrantzpe@kickstarter.com,Female,53.22.36.166
916,Brent,Kelsow,bkelsowpf@narod.ru,Male,165.167.161.224
917,Loy,Breacher,lbreacherpg@blogtalkradio.com,Male,169.222.68.44
918,Gawain,Townshend,gtownshendph@blog.com,Male,4.56.180.240
919,Hugh,Dineges,hdinegespi@csmonitor.com,Male,58.151.16.233
920,Timothea,Stears,tstearspj@mit.edu,Female,86.128.174.244
921,Milka,Storror,mstorrorpk@earthlink.net,Female,149.99.43.177
922,Forbes,Jermy,fjermypl@ucla.edu,Male,107.163.217.182
923,Pru,McCafferky,pmccafferkypm@yahoo.co.jp,Female,65.13.187.36
924,Reagen,Bessett,rbessettpn@cyberchimps.com,Male,97.218.74.28
925,Christie,De Bruyn,cdebruynpo@hhs.gov,Female,208.200.95.225
926,Bianka,Neasam,bneasampp@networksolutions.com,Female,232.14.33.152
927,Mala,Nannizzi,mnannizzipq@forbes.com,Female,91.123.123.27
928,Beatrice,Bleddon,bbleddonpr@rediff.com,Female,31.253.98.254
929,Raine,Stoile,rstoileps@php.net,Female,242.87.210.233
930,Sidonnie,Folbige,sfolbigept@npr.org,Female,234.85.18.51
931,Florette,Ellingworth,fellingworthpu@msn.com,Female,64.207.237.163
932,Derril,Christie,dchristiepv@theglobeandmail.com,Male,143.217.129.93
933,Erika,MacNeice,emacneicepw@utexas.edu,Female,88.214.40.190
934,Lydie,Deathridge,ldeathridgepx@miibeian.gov.cn,Female,138.61.11.2
935,Kellyann,Guslon,kguslonpy@ameblo.jp,Female,74.9.255.135
936,Tracy,Powner,tpownerpz@army.mil,Male,124.56.252.183
937,Martina,Maddern,mmaddernq0@vk.com,Female,195.169.139.59
938,Lemmy,Gooble,lgoobleq1@google.ca,Male,108.64.96.110
939,Dee dee,Lohering,dloheringq2@squidoo.com,Female,66.217.55.114
940,Shelton,Milliken,smillikenq3@java.com,Male,80.206.133.255
941,Mercedes,Willas,mwillasq4@simplemachines.org,Female,92.155.233.107
942,Gale,Tallach,gtallachq5@google.nl,Male,15.41.218.9
943,Denys,Hargie,dhargieq6@unesco.org,Female,129.26.10.115
944,Julienne,Quinet,jquinetq7@ox.ac.uk,Female,61.118.138.69
945,Filmore,Ansty,fanstyq8@google.com,Male,98.65.215.177
946,Basilio,Wimmers,bwimmersq9@jiathis.com,Male,76.39.119.164
947,Kasper,Minards,kminardsqa@rambler.ru,Male,73.123.51.135
948,Scottie,O'Looney,solooneyqb@china.com.cn,Male,124.11.72.212
949,Pebrook,Mattusevich,pmattusevichqc@cdc.gov,Male,68.55.178.46
950,Free,Keyse,fkeyseqd@apple.com,Male,176.10.146.236
951,Vivianna,Cleef,vcleefqe@a8.net,Female,129.178.37.145
952,Gabey,Clarage,gclarageqf@github.com,Female,194.160.91.240
953,Cleveland,MacGauhy,cmacgauhyqg@comsenz.com,Male,38.150.152.237
954,Melania,Pietruszka,mpietruszkaqh@studiopress.com,Female,222.215.191.204
955,Berky,Goseling,bgoselingqi@canalblog.com,Male,67.104.9.248
956,Benjamin,Begley,bbegleyqj@mac.com,Male,238.206.64.146
957,Herrick,Headley,hheadleyqk@goo.ne.jp,Male,178.184.144.107
958,Starr,Coniff,sconiffql@businessweek.com,Female,89.90.59.191
959,Ulick,Schulken,uschulkenqm@amazon.de,Male,17.49.160.47
960,Sayre,Pleass,spleassqn@liveinternet.ru,Female,222.132.250.55
961,Ernest,Heller,ehellerqo@usgs.gov,Male,50.201.199.126
962,Cassondra,Damiral,cdamiralqp@prnewswire.com,Female,65.122.162.241
963,Gianina,Waldron,gwaldronqq@wunderground.com,Female,204.85.64.22
964,Bethina,Sinnatt,bsinnattqr@bbb.org,Female,252.146.230.128
965,Sydney,Frogley,sfrogleyqs@technorati.com,Male,145.147.184.211
966,Eli,Davidow,edavidowqt@smh.com.au,Male,255.71.194.127
967,Nessi,Mayo,nmayoqu@infoseek.co.jp,Female,57.131.243.187
968,Tiler,O'Currane,tocurraneqv@thetimes.co.uk,Male,49.121.218.165
969,Todd,Nabarro,tnabarroqw@indiegogo.com,Male,229.20.12.70
970,Benedikta,Brader,bbraderqx@shareasale.com,Female,168.5.163.34
971,Adey,Woodberry,awoodberryqy@bbb.org,Female,181.212.158.40
972,Pietra,Mougin,pmouginqz@flickr.com,Female,132.194.51.118
973,Ravi,Orts,rortsr0@cpanel.net,Male,22.26.112.81
974,Marve,Maliphant,mmaliphantr1@friendfeed.com,Male,207.25.29.64
975,Katharyn,Hubbocks,khubbocksr2@ehow.com,Female,177.14.205.243
976,Woodman,Dizlie,wdizlier3@blogs.com,Male,101.6.160.184
977,Candie,Towell,ctowellr4@blinklist.com,Female,192.229.108.102
978,Annecorinne,Hebbron,ahebbronr5@boston.com,Female,162.34.61.144
979,Orson,De Brett,odebrettr6@wikispaces.com,Male,12.90.209.102
980,Cherrita,Killingsworth,ckillingsworthr7@rambler.ru,Female,250.130.116.177
981,Abby,Carek,acarekr8@bigcartel.com,Female,110.48.123.176
982,Jsandye,Wehden,jwehdenr9@narod.ru,Female,125.191.141.232
983,Mella,Sharrier,msharrierra@earthlink.net,Female,52.97.220.202
984,Donavon,Chatenet,dchatenetrb@nbcnews.com,Male,105.127.178.10
985,Alfi,Schubbert,aschubbertrc@quantcast.com,Female,109.195.201.163
986,Wallache,Bride,wbriderd@google.cn,Male,229.153.75.68
987,Hobey,Longridge,hlongridgere@furl.net,Male,184.151.36.165
988,Revkah,Hudspeth,rhudspethrf@hibu.com,Female,89.46.128.111
989,Arleyne,Brownell,abrownellrg@wikispaces.com,Female,218.89.182.104
990,Bartlett,Medlicott,bmedlicottrh@spiegel.de,Male,140.109.28.92
991,Dianna,Vowden,dvowdenri@blogtalkradio.com,Female,253.162.228.2
992,Chet,Culy,cculyrj@cisco.com,Male,165.41.72.227
993,Ahmed,Cordeiro,acordeirork@google.pl,Male,5.149.144.55
994,Lorelle,Neillans,lneillansrl@go.com,Female,83.41.160.23
995,Victoir,Easton,veastonrm@theglobeandmail.com,Male,0.234.130.1
996,Erskine,Howle,ehowlern@myspace.com,Male,253.173.171.173
997,Michele,Dyott,mdyottro@mashable.com,Female,31.60.172.233
998,Trace,Elmhurst,telmhurstrp@tamu.edu,Male,113.151.29.48
999,Chane,Ector,cectorrq@xing.com,Male,94.68.79.35
1000,Wilma,Andreaccio,wandreacciorr@youtube.com,Female,150.117.30.246
